{
    "language": "English",
    "winAlertHeaderText": "You won!",
    "winAlertContentText": "Congrats",
    "gameOverAlertHeader": "Game over!",
    "gameOverAlertContent": "Winner:",
    "gameOverPlace": "place",
    "currentPlayer": "Current Player",
    "score": "Score",
    "scoreInRound": "Score in Round",
    "scoreNeedsToBeConfirmed": "Score needs to be confirmed",
    "invalidMove": "Invalid Move!",
    "thatsNotAllowed": "That\u0027s not allowed",
    "globalSettings": "Global Settings",
    "gameSettings": "Game Settings",
    "players": "Players",
    "player":"Player",
    "dices": "Dices",
    "winScore": "Win Score",
    "minScoreToSave": "Min Score to save",
    "street": "Street",
    "threeTimesTwo": "Three Times Two",
    "sixDicesInARow": "Six Dices in a Row",
    "pyramid": "Pyramid",
    "confirmationScore": "Confirmation Score",
    "fullHouse": "Full House",
    "gameOverAfterFirstPlayerWon": "Game over after first player won",
    "showDiceImages": "Show dice images",
    "save": "Save",
    "cancel": "Cancel",
    "game": "Game",
    "newString": "New",
    "load": "Load",
    "about": "About",
    "zehntausend": "Zehntausend",
    "version": "Version",
    "aboutContentText": "Made by spaghettic0der in 2016\nMade possible with the help of Deadlocker",
    "wonWith": "Won with",
    "roll": "ROLL",
    "next": "NEXT",
    "settings": "Settings"
}