{
  "language": "Deutsch",
  "winAlertHeaderText": "Gewonnen!",
  "winAlertContentText": "Gratulation",
  "gameOverAlertHeader": "Game over!",
  "gameOverAlertContent": "Gewinner",
  "gameOverPlace": "Platz",
  "currentPlayer": "Jetziger Spieler",
  "score": "Punkte",
  "scoreInRound": "Punkte in Runde",
  "scoreNeedsToBeConfirmed": "Punkte müssen bestätigt werden",
  "invalidMove": "Ungültiger Zug",
  "thatsNotAllowed": "Das ist nicht erlaubt!",
  "globalSettings": "Globale Einstellungen",
  "gameSettings": "Spiel Einstellungen",
  "players": "Spieler",
  "player": "Spieler",
  "dices": "Würfel",
  "winScore": "Gewinnpunktestand",
  "minScoreToSave": "Min. Speicherstand",
  "street": "Straße",
  "threeTimesTwo": "3 mal 2",
  "sixDicesInARow": "6 aufeinmal",
  "pyramid": "Pyramide",
  "confirmationScore": "Bestätigung",
  "fullHouse": "Full House",
  "gameOverAfterFirstPlayerWon": "Spiel vorbei nach einem Gewinn",
  "showDiceImages": "Zeig Würfel",
  "save": "Speichern",
  "cancel": "Abbrechen",
  "game": "Spiel",
  "newString": "Neu",
  "load": "Laden",
  "about": "Über",
  "zehntausend": "Zehntausend",
  "version": "Version",
  "aboutContentText": "Erstellt von spaghettic0der in 2016\nNur möglich durch die Hilfe von Deadlocker",
  "wonWith": "Gewonnnen mit",
  "roll": "Würfeln",
  "next": "Nächster",
  "settings": "Einstellungen"
}